{
  "thresholds": {
    "ineffective": 0.5500000000000002,
    "unnecessary": 0.5500000000000002,
    "pharma": 0.45000000000000007,
    "rushed": 0.45000000000000007,
    "side-effect": 0.5500000000000002,
    "mandatory": 0.45000000000000007,
    "country": 0.6000000000000002,
    "ingredients": 0.45000000000000007,
    "political": 0.40000000000000013,
    "none": 0.5000000000000001,
    "conspiracy": 0.5000000000000001,
    "religious": 0.1
  },
  "default_macro_f1": 0.11020517278817887,
  "tuned_macro_f1": 0.2120781239353536,
  "default_micro_f1": 0.22481664421493788,
  "tuned_micro_f1": 0.2249700837654567
}