{
  "thresholds": {
    "ineffective": 0.5000000000000001,
    "unnecessary": 0.6000000000000002,
    "pharma": 0.5000000000000001,
    "rushed": 0.40000000000000013,
    "side-effect": 0.5500000000000002,
    "mandatory": 0.5500000000000002,
    "country": 0.45000000000000007,
    "ingredients": 0.7500000000000002,
    "political": 0.5000000000000001,
    "none": 0.6000000000000002,
    "conspiracy": 0.6000000000000002,
    "religious": 0.5000000000000001
  },
  "default_macro_f1": 0.2716867272570278,
  "tuned_macro_f1": 0.2963499801954305,
  "default_micro_f1": 0.3239926365309879,
  "tuned_micro_f1": 0.35760324659823345,
  "search": {
    "start": 0.1,
    "end": 0.9,
    "step": 0.05
  }
}